borrower_id,ebitda_2022,growth_forecast_2023,loan_size,sector
ZZ513736,4740000000,0.16,3792000000,green energy
ZR624574,72300000,0.19,97605000,green energy
ZM620886,34700000,0.03,229020000,infrastructure
ZG676447,86300000,0.03,207120000,infrastructure
ZA701561,13900000,-0.07,83400000,manufacturing
YY114629,50100000,0.02,150300000,real estate
YT374579,86500000,0.05,168675000,infrastructure
YI691808,20400000,0.04,88740000,infrastructure
YC319123,15900000,-0.05,85860000,manufacturing
YB903210,80700000,-0.05,338940000,infrastructure
YB422487,96500000,-0.08,540400000,manufacturing
WR872867,64900000,-0.09,168740000,manufacturing
WR521757,73200000,-0.09,614880000,manufacturing
VO786123,41700000,-0.09,283560000,manufacturing
VJ627279,67900000,-0.04,230860000,manufacturing
UV582041,62100000,-0.04,546480000,manufacturing
UO981590,45800000,-0.08,210680000,manufacturing
UD379577,79000000,-0.04,363400000,manufacturing
UD379577,79000000,-0.04,363400000,manufacturing
UC676243,74700000,-0.07,253980000,manufacturing
TV462972,64600000,0.01,106590000,infrastructure
TT781645,66000000,-0.01,217800000,infrastructure
TQ766089,21500000,0.04,74175000,infrastructure
TF679957,62000000,0.02,105400000,real estate
TB252491,73700000,0.05,309540000,real estate
ST794592,26700000,0,133500000,manufacturing
SM645895,91300000,0.05,506715000,infrastructure
SC585404,21500000,0.12,40850000,green energy
RU921327,67000000,0,281400000,infrastructure
QU781354,57300000,0,74490000,real estate
QQ615349,68900000,0,344500000,manufacturing
PG964431,99700000,0.a,797600000,manufacturing
PG260058,32100000,0.16,48150000,green energy
OU945569,60600000,0,181800000,real estate
OK197176,92000000,9999999,55200000,green energy
OB485179,41300000,0.04,57820000,real estate
NZ188770,17200000,-0.01,51600000,manufacturing
NY185688,71900000,0.17,75495000,green energy
NS639878,73000000,0.04,138700000,real estate
NP200276,22800000,0.11,17100000,green energy
NE903045,28700000,0.05,116235000,infrastructure
NC597817,49800000,-0.02,201690000,infrastructure
MT268840,19300000,0.02,44390000,real estate
MS704080,44700000,6,120690000,real estate
MP369824,25300000,0.06,50600000,real estate
MK957510,20200000,0.2,35350000,green energy
MK386094,84100000,0.06,252300000,real estate
MJ690532,55000000,0.16,121000000,green energy
MJ690532,55000000,0.16,121000000,green energy
MB445379,83800000,-0.02,351960000,infrastructure
LP699923,35600000,-0.04,165540000,infrastructure
LN363163,17600000,-0.06,63360000,manufacturing
LK495347,47800000,0.01,86040000,infrastructure
KU423096,40000000,0.06,104000000,real estate
KP942982,15700000,-0.07,78500000,manufacturing
KL225344,65700000,-0.05,236520000,infrastructure
JY724839,0,0.04,106920000,real estate
JH149342,63100000,0,119890000,real estate
JG687392,69100000,0.18,162385000,green energies
IX120383,37200000,-0.05,189720000,infrastructure
IL661630,21600000,-0.06,142560000,manufacturing
IE740705,58200000,0.17,104760000,green energy
IA197386,24400000,0.04,150060000,infrastructure
HN390159,29400000,0.13,60270000,green energy
HM185392,65200000,-0.07,547680000,manufacturing
HK384967,74500000,-0.08,387400000,manufacturing
HJ374750,52800000,0.07,163680000,real estate
GY648499,51100000,0.1,35770000,green energy
GD232406,18600000,-0.04,30690000,infrastructure
FZ716810,94500000,0.02,240975000,infrastructure
FZ266780,78700000,0.03,283320000,infrastructure
FM614083,46400000,0.03,292320000,infrastructure
FE732470,18100000,0,173760000,manufacturing
FD155169,81000000,0.1,202500000,real estate
FC316958,71400000,-0.02,442680000,manufacturing
FB763940,41700000,0.03,183480000,real estate
EQ261295,97600000,-0.07,585600000,manufacturing
DU496818,97600000,-0.01,395280000,infrastructure
DS757939,NA,-0.08,109560000,manufacturing
DP747986,46300000,-0.06,212980000,manufacturing
DO650359,21700000,0.2,27125000,green energy
DN742019,28300000,0.1,93390000,real estate
DN742019,28300000,0.1,93390000,real estate
DL304306,47200000,0.04,99120000,infrastructure
DA804130,56600000,-0.03,169800000,infrastructure
CW236848,32400000,-0.07,64800000,manufacturing
CO437273,40100000,0.03,210525000,infrastructure
CN353299,38800000,0.13,48500000,green energy
CE750358,4680,0.08,9828,real estate
CC925545,22400000,0.03,51520000,real estate
BM647224,68800000,-0.09,192640000,manufacturing
BJ725860,64000000,0,144000000,infrastructure
BH868720,85600000,-0.02,41088000000,manufacturing
BH686369,33700000,0.01,114580000,real estate
BF727267,82700000,-0.02,711220000,manufacturing
BB982904,81300000,-0.02,390240000,infrastructure
AU378121,24800000,-0.02,84320000,manufacturing
AG273655,68300000,0.09,143430000,real estate
AD254332,88900000,0.08,     ,real estate
AC403132,87800000,0.04,298520000,real estate